-- UNITAT_MESURA
INSERT INTO UNITAT_MESURA VALUES (00001, 'unitat');
INSERT INTO UNITAT_MESURA VALUES (00002, 'kg');
INSERT INTO UNITAT_MESURA VALUES (00003, 'metre');

-- PROVINCIA
INSERT INTO PROVINCIA VALUES (00010, 'Barcelona');
INSERT INTO PROVINCIA VALUES (00020, 'Girona');


-- MUNICIPI
INSERT INTO MUNICIPI VALUES (01000, 'Mataró', 00010);
INSERT INTO MUNICIPI VALUES (01001, 'Granollers', 00010);
INSERT INTO MUNICIPI VALUES (02001, 'Girona', 00020);
INSERT INTO MUNICIPI VALUES (02002, 'Blanes', 00020);
INSERT INTO MUNICIPI VALUES (02003, 'Figueres', 00020);


-- PROVEIDOR
INSERT INTO PROVEIDOR VALUES (00100, 'CIF100A', 'Fornells Components SL', 'C/ Major 10', 'Anna', '934501010', 01000, 00010);
INSERT INTO PROVEIDOR VALUES (00101, 'CIF101B', 'Rodes i Motors SA', 'Av. Catalunya 25', 'Joan', '934502020', 01001, 00010);
INSERT INTO PROVEIDOR VALUES (00102, 'CIF102C', 'Metallúrgica Costa Brava', 'C/ Mar 8', 'Marta', '972201010', 02001, 00020);
INSERT INTO PROVEIDOR VALUES (00103, 'CIF103D', 'Components Blanes', 'Av. Pau Casals 3', 'Pere', '972202020', 02002, 00020);
INSERT INTO PROVEIDOR VALUES (00104, 'CIF104E', 'Plàstics Figueres', 'C/ Montseny 12', 'Laia', '972203030', 02003, 00020);
INSERT INTO PROVEIDOR VALUES (00105, 'CIF105F', 'TecnoParts SL', 'C/ Diagonal 200', 'Oriol', '934503030', 01000, 00010);
INSERT INTO PROVEIDOR VALUES (00106, 'CIF106G', 'AutoRecambis SA', 'C/ Indústria 17', 'Clara', '934504040', 01001, 00010);
INSERT INTO PROVEIDOR VALUES (00107, 'CIF107H', 'Mecànica Girona', 'Av. Europa 45', 'Sergi', '972204040', 02001, 00020);


-- ITEM (productes i components)
-- IT_TIPUS: 'C' component, 'P' producte
INSERT INTO ITEM VALUES (10000, 'C', 'Roda 16"', 'Roda d’alumini de 16 polzades', 100, NULL);
INSERT INTO ITEM VALUES (10001, 'C', 'Motor elèctric 250W', 'Motor per bicicleta elèctrica', 50, NULL);
INSERT INTO ITEM VALUES (10002, 'C', 'Bateria 36V', 'Bateria de liti 36V', 60, NULL);
INSERT INTO ITEM VALUES (10003, 'C', 'Fre de disc', 'Fre de disc hidràulic', 150, NULL);
INSERT INTO ITEM VALUES (10004, 'C', 'Manillar alumini', 'Manillar lleuger', 80, NULL);
INSERT INTO ITEM VALUES (10005, 'C', 'Cadena', 'Cadena reforçada per bicicleta', 200, NULL);
INSERT INTO ITEM VALUES (10006, 'C', 'Sillí ergonòmic', 'Sillí de gel', 70, NULL);
INSERT INTO ITEM VALUES (10007, 'C', 'Display LCD', 'Pantalla per control de velocitat', 40, NULL);
INSERT INTO ITEM VALUES (10008, 'C', 'Llum LED davantera', 'Llum frontal de 1000 lúmens', 90, NULL);
INSERT INTO ITEM VALUES (10009, 'C', 'Carregador 36V', 'Carregador ràpid 36V', 40, NULL);

INSERT INTO ITEM VALUES (20000, 'P', 'Bicicleta Elèctrica Bàsica', 'Model inicial de bicicleta elèctrica', 10, NULL);
INSERT INTO ITEM VALUES (20001, 'P', 'Bicicleta Elèctrica Urbana', 'Model urbà amb components extra', 5, NULL);
INSERT INTO ITEM VALUES (20002, 'P', 'Bicicleta Elèctrica Muntanya', 'Model tot terreny', 3, NULL);
  

-- COMPONENT
INSERT INTO COMPONENT VALUES (10000, 00001, 'RodaPower', 0);
INSERT INTO COMPONENT VALUES (10001, 00001, 'EcoMotors', 0);
INSERT INTO COMPONENT VALUES (10002, 00001, 'GreenBattery', 0);
INSERT INTO COMPONENT VALUES (10003, 00001, 'HydroBrakes', 0);
INSERT INTO COMPONENT VALUES (10004, 00001, 'LightHandle', 0);
INSERT INTO COMPONENT VALUES (10005, 00001, 'ChainPlus', 0);
INSERT INTO COMPONENT VALUES (10006, 00001, 'ComfortSeat', 0);
INSERT INTO COMPONENT VALUES (10007, 00001, 'LCDVision', 0);
INSERT INTO COMPONENT VALUES (10008, 00001, 'BrightLight', 0);
INSERT INTO COMPONENT VALUES (10009, 00001, 'QuickCharge', 0);


-- PRODUCTE
INSERT INTO PRODUCTE VALUES (20000);
INSERT INTO PRODUCTE VALUES (20001);
INSERT INTO PRODUCTE VALUES (20002);


-- PROD_ITEM (relació producte - components)
-- Bicicleta Elèctrica Bàsica
INSERT INTO PROD_ITEM VALUES (20000, 10000, 2); -- rodes
INSERT INTO PROD_ITEM VALUES (20000, 10001, 1); -- motor
INSERT INTO PROD_ITEM VALUES (20000, 10002, 1); -- bateria
INSERT INTO PROD_ITEM VALUES (20000, 10003, 2); -- frens
INSERT INTO PROD_ITEM VALUES (20000, 10005, 1); -- cadena

-- Bicicleta Elèctrica Urbana
INSERT INTO PROD_ITEM VALUES (20001, 20000, 1); -- subproducte base
INSERT INTO PROD_ITEM VALUES (20001, 10004, 1); -- manillar
INSERT INTO PROD_ITEM VALUES (20001, 10006, 1); -- sillí
INSERT INTO PROD_ITEM VALUES (20001, 10007, 1); -- display

-- Bicicleta Elèctrica Muntanya
INSERT INTO PROD_ITEM VALUES (20002, 20000, 1); -- base
INSERT INTO PROD_ITEM VALUES (20002, 10008, 1); -- llum
INSERT INTO PROD_ITEM VALUES (20002, 10009, 1); -- carregador

-- PROV_COMP (cada component pot tenir diversos proveïdors)
INSERT INTO PROV_COMP VALUES (10000, 00100, 45.5); -- Component 10000, Proveïdor 00100
INSERT INTO PROV_COMP VALUES (10000, 00101, 44.8); -- Component 10000, Proveïdor 00101
INSERT INTO PROV_COMP VALUES (10001, 00102, 120.0); -- Component 10001, Proveïdor 00102
INSERT INTO PROV_COMP VALUES (10002, 00103, 180.0); -- Component 10002, Proveïdor 00103
INSERT INTO PROV_COMP VALUES (10003, 00104, 60.0);  -- Component 10003, Proveïdor 00104
INSERT INTO PROV_COMP VALUES (10004, 00105, 25.0);  -- Component 10004, Proveïdor 00105
INSERT INTO PROV_COMP VALUES (10005, 00106, 15.0);  -- Component 10005, Proveïdor 00106
INSERT INTO PROV_COMP VALUES (10006, 00106, 35.0);  -- Component 10006, Proveïdor 00106
INSERT INTO PROV_COMP VALUES (10007, 00107, 55.0);  -- Component 10007, Proveïdor 00107
INSERT INTO PROV_COMP VALUES (10008, 00105, 20.0);  -- Component 10008, Proveïdor 00105
INSERT INTO PROV_COMP VALUES (10009, 00107, 30.0);  -- Component 10009, Proveïdor 00107

INSERT INTO USUARI (USUARI_ID, USUARI_NOM, USUARI_CONTRASENYA)
VALUES (1, 'admin', '$2a$10$q2jGILs5Tz.vNOghgAdkw.U3/siXmdbQU6vu/uONdg6ldQBal9Woy');

COMMIT;
